<?xml version="1.0" encoding="utf-8"?>
<!DOCTYPE hibernate-configuration PUBLIC
"-//Hibernate/Hibernate Configuration DTD 5.2//EN" "http://www.hibernate.org/dtd/hibernate-configuration-5.2.dtd">
<hibernate-configuration>
	<session-factory>
		<!-- Database configuration settings -->
		<property name="hibernate.connection.driver_class">com.mysql.jdbc.Driver</property>
		<property name="hibernate.connection.url">jdbc:mysql://localhost:3306/bookstore_dbs?createDatabaseIfNotExist=true</property>
		<property name="hibernate.connection.username">root</property>
		<property name="hibernate.connection.password">Welcome123</property>

		<!-- JDBC connection pool -->
		<property name="connection.pool_size">10</property>

		<!-- SQL Dialect -->
		<property name="dialect">org.hibernate.dialect.MySQLDialect</property>

		<!-- Drop and re-create the database schema on startup -->
		<property name="hibernate.hbm2ddl.auto">update</property>

		<!-- Echo all executed SQL to stdout -->
		<property name="show_sql">false</property>
		
	 <property name="hibernate.current_session_context_class">thread</property>
		
		

		<!-- Names the annotated entity class -->
		<mapping  class="com.mindtree.entity.Book" />
		<mapping class="com.mindtree.entity.Purchase" />

	</session-factory>
</hibernate-configuration>