<?xml version="1.0" encoding="UTF-8"?>
<beans xmlns="http://www.springframework.org/schema/beans"
        xmlns:xsi="http://www.w3.org/2001/XMLSchema-instance"
        xmlns:context="http://www.springframework.org/schema/context"
        xmlns:tx="http://www.springframework.org/schema/tx"
        xmlns:aop="http://www.springframework.org/schema/aop"
        xmlns:mvc="http://www.springframework.org/schema/mvc"
        xsi:schemaLocation="http://www.springframework.org/schema/beans http://www.springframework.org/schema/beans/spring-beans-4.0.xsd
                            http://www.springframework.org/schema/context http://www.springframework.org/schema/context/spring-context-4.0.xsd
                            http://www.springframework.org/schema/aop http://www.springframework.org/schema/aop/spring-aop-4.0.xsd
                            http://www.springframework.org/schema/tx  http://www.springframework.org/schema/tx/spring-tx-4.0.xsd
							http://www.springframework.org/schema/mvc  http://www.springframework.org/schema/mvc/spring-mvc-4.0.xsd">
<context:annotation-config />
	<mvc:annotation-driven />
<context:component-scan  base-package="com.mindtree.controller,com.mindtree.service,com.mindtree.dao,com.mindtree.validator" />
 <tx:annotation-driven transaction-manager="transactionManager"/>

	<bean name="dataSource"
		class="org.springframework.jdbc.datasource.DriverManagerDataSource">
		<property name="driverClassName" value="com.mysql.jdbc.Driver" />
		<property name="url" value="jdbc:mysql://localhost:3306/taskmanagement_db?createDatabaseIfNotExist=true" />
		<property name="username" value="root" />
		<property name="password" value="Welcome123" />
	</bean>

	<bean id="sessionFactory"
		class="org.springframework.orm.hibernate4.LocalSessionFactoryBean">
		<property name="dataSource" ref="dataSource"></property>

		<property name="annotatedClasses">
			<list>
				<value>com.mindtree.entity.Employee</value>
				<value>com.mindtree.entity.Project</value>
				<value>com.mindtree.entity.AssignTask</value>
			</list>
		</property>

		<property name="hibernateProperties">
			<props>
				<prop key="hibernate.dialect">org.hibernate.dialect.MySQLDialect</prop>
				<prop key="hibernate.hbm2ddl.auto">create</prop>
				<prop key="hibernate.show_sql">true</prop>

			</props>
		</property>
	</bean>
	
	 <bean id="transactionManager"  class="org.springframework.orm.hibernate4.HibernateTransactionManager">
        <property name="sessionFactory" ref="sessionFactory" />
    </bean>
 
<!--     <bean id="assignTaskDao"  class="com.mindtree.dao.AssignTaskDaoImpl"> -->
<!--         <property name="sessionFactory" ref="sessionFactory" /> -->
<!--     </bean> -->
    
    <bean id="persistenceExceptionTranslationPostProcessor"
        class="org.springframework.dao.annotation.PersistenceExceptionTranslationPostProcessor"/>

  <bean id="messageSource"
        class="org.springframework.context.support.ReloadableResourceBundleMessageSource">
         <property name="basename" value="classpath:messages" />
   </bean>
</beans>  