<?xml version="1.0" encoding="utf-8"?>
<!DOCTYPE hibernate-configuration PUBLIC  
          "//Hibernate/Hibernate Configuration DTD 3.0//EN"  
          "http://hibernate.sourceforge.net/hibernate-configuration-3.0.dtd"> 
<hibernate-configuration>

	<session-factory>
		<property name="dialect">org.hibernate.dialect.MySQLDialect</property>
		<property name="connection.url">jdbc:mysql://localhost:3306/electronic_product_shopping</property>
		<property name="connection.username">root</property>
		<property name="connection.password">Welcome123</property>
		<property name="connection.driver_class">com.mysql.jdbc.Driver</property>
		<property name="show_sql">false</property>
		<property name="hibernate.hbm2ddl.auto">update</property>
	
	<mapping class="com.vishnu.mindtree.entity.Product"/>
	</session-factory>
	

</hibernate-configuration>